Ad Group,Headline1,Headline2
Animal Conservation,Help Animal Conservation,Wildlife Conservation
Animal Endangered,Save Endangered Animals,Help Endangered Animals
Animal Endangered Conservation,Save Endangered Animals,Help Endangered Animals
Animal Endangered Help,Save Endangered Animals,Help Endangered Animals
Animal Endangered Help Save,Save Endangered Animals,Help Endangered Animals
Animal Endangered Organization,Save Endangered Animals,Help Animal Organizations
Animal Endangered Protection,Save Endangered Animals,Help Endangered Animals
Animal Endangered Save,Save Endangered Animals,Help Endangered Animals
Animal Endangered Threatened,Save Endangered Animals,Help Endangered Animals
Animal Preservation,Help Animal Preservation,Help To Preserve Animals
Animal Threatened,Save Threatened Animals,Help Threatened Animals
Biodiversity Conservation,Help Save Biodiversity,Biodiversity Conservation
Environmental Charity,Environmental Charities,Help Environmental Causes
Environmental Conservation,Environment Conservation,Help Environmental Causes
Environmental Conservation Group,Environment Conservation,Help Environmental Groups
Environmental Conservation Organization,Environment Conservation,Environment Organizations
Environmental Endangered,Endangered Environment,Help Environmental Causes
Environmental Group,Help Environmental Groups,Help Environmental Causes
Environmental Help,Help Environmental Groups,Help Environmental Causes
Environmental Nonprofit,Environmental Charities,Environmental Nonprofits
Environmental Organization,Environmental Charities,Environment Organizations
Environmental Save,Save The Environment,Help Save The Environment
Environmental Volunteer,Environmental Charities,Help Save The Environment
Habitat Conservation,Habitat Conservation,Help To Conserve Habitat
Habitat Endangered,Save Endangered Habitats,Help Endangered Habitat
Mammal Endangered,Save Endangered Mammals,Help Endangered Mammals
Rainforest Conservation,Environment Conservation,Wildlife Conservation
Rainforest Endangered Animal,Save Endangered Animals,Help Endangered Animals
Rainforest Endangered Species,Save Endangered Species,Help Endangered Species
Rainforest Save,Save Endangered Species,Save Endangered Animals
Species Conservation,Save Endangered Species,Wildlife Conservation
Species Endangered,Save Endangered Species,Help Endangered Species
Species Endangered Animal,Save Endangered Species,Help Endangered Species
Species Endangered Conservation,Save Endangered Species,Help Endangered Species
Species Endangered Help,Save Endangered Species,Help Endangered Species
Species Endangered Help Save,Save Endangered Species,Help Endangered Species
Species Endangered Organization,Save Endangered Species,Help Endangered Species
Species Endangered Preserve,Save Endangered Species,Help Endangered Species
Species Endangered Protection,Save Endangered Species,Help Endangered Species
Species Endangered Save,Save Endangered Species,Help Endangered Species
Species Endangered Threatened,Save Endangered Species,Help Endangered Species
Species Preserve,Help Preserve Species,Want To Preserve Species?
Species Protection,Help Protect Species,Want To Protect Species?
Species Save,Save Endangered Species,Want To Save Species?
Species Threatened,Save Threatened Species,Help Threatened Species
Species Threatened Animal,Save Threatened Species,Help Threatened Species
Wild Animal Adoption,Support Wildlife Causes,Help Wildlife Charities
Wild Animal Conservation,Wild Animal Conservation,Help Protect Wild Animals
Wild Animal general,Support Wildlife Causes,Help Protect Wild Animals
Wild Animal Protection,Wild Animal Protection,Help Protect Wild Animals
Wild Animal Rescue,Support Wildlife Rescue,Help Rescue Wild Animals
Wildlife Adoption,Support Wildlife Causes,Help Wildlife Charities
Wildlife Agency,Support Wildlife Causes,Help Wildlife Charities
Wildlife Association,Support Wildlife Causes,Help Wildlife Charities
Wildlife Charity,Support Wildlife Causes,Help Wildlife Charities
Wildlife Conservation,Support Wildlife Causes,Wildlife Conservation
Wildlife Conservation Association,Help Wildlife Charities,Wildlife Conservation
Wildlife Conservation Organization,Wildlife Organizations,Wildlife Conservation
Wildlife Donation,Support Wildlife Causes,Help Wildlife Charities
Wildlife Endangered,Help Endangered Wildlife,Support Wildlife Causes
Wildlife Endangered Animal,Help Endangered Wildlife,Help Endangered Animals
Wildlife Endangered Species,Help Endangered Wildlife,Help Endangered Species
Wildlife Foundation,Support Wildlife Causes,Help Wildlife Charities
Wildlife Help,Help Wildlife Causes,Help Wildlife Charities
Wildlife Organization,Help Wildlife Charities,Wildlife Organizations
Wildlife Preserve,Wildlife Preservation,Help To Preserve Wildlife
Wildlife Protection,Wildlife Protection,Help To Protect Wildlife
Wildlife Rescue,Support Wildlife Rescue,Want To Rescue Wildlife?
Wildlife Rescue Animal,Support Wildlife Rescue,Want To Rescue Wildlife?
Wildlife Sanctuary,Support Wildlife Rescue,Want To Rescue Wildlife?
Wildlife Save,Save Endangered Wildlife,Want To Save Wildlife?
Wildlife Shelter,Support Wildlife Shelters,Help Wildlife Charities
Wildlife Threatened,Help Threatened Wildlife,Support Wildlife Causes
Wildlife Volunteer,Support Wildlife Causes,Help Wildlife Charities
Wildlife Welfare,Support Wildlife Welfare,Support Wildlife Causes
World Wildlife Fund,Support Wildlife Causes,Help Wildlife Charities
Big Cat Adopt,Support Big Cat Charities,Want To Save Big Cats?
Big Cat Rescue,Support Big Cat Rescue,Want To Save Big Cats?
Big Cat Sanctuary,Support Big Cat Charities,Want To Save Big Cats?
Cat Endangered,Support Endangered Cats,Help Save Endangered Cats
Cheetah Charity,Support Cheetah Charities,Want To Save Cheetahs?
Cheetah Conservation,Help Cheetah Conservation,Want To Save Cheetahs?
Cheetah Endangered,Save Endangered Cheetahs,Want To Save Cheetahs?
Cheetah general,Save Endangered Cheetahs,Want To Save Cheetahs?
Cheetah Protection,Help Protect Cheetahs,Want To Protect Cheetahs?
Cheetah Save,Save Endangered Cheetahs,Want To Save Cheetahs?
Cougar Charity,Support Cougar Charities,Want To Save Cougars?
Cougar Endangered,Save Endangered Cougars,Want To Save Cougars?
Cougar general,Save Endangered Cougars,Want To Save Cougars?
Elephant Adopt,Save Endangered Elephants,Want To Save Elephants?
Elephant Charity,Help Elephant Charities,Want To Save Elephants?
Elephant Conservation,Help Conserve Elephants,Want To Save Elephants?
Elephant Endangered,Save Endangered Elephants,Want To Save Elephants?
Elephant general,Save Endangered Elephants,Want To Save Elephants?
Elephant Help,Help Endangered Elephants,Want To Save Elephants?
Elephant Poaching,Fight Elephant Poaching,Hate Elephant Poaching?
Elephant Protection,Help Protect Elephants,Want To Save Elephants?
Elephant Rescue,Save Endangered Elephants,Want To Save Elephants?
Elephant Sanctuary,Save Endangered Elephants,Want To Save Elephants?
Elephant Save,Save Endangered Elephants,Want To Save Elephants?
Elephant Volunteer,Save Endangered Elephants,Want To Save Elephants?
Gorilla Charity,Support Gorilla Charities,Want To Save Gorillas?
Gorilla Endangered,Save Endangered Gorillas,Want To Save Gorillas?
Gorilla general,Save Endangered Gorillas,Want To Save Gorillas?
Gorilla Poaching,Fight Gorilla Poaching,Against Gorilla Poaching?
Gorilla Save,Save Endangered Gorillas,Want To Save Gorillas?
Ivory Elephant,Save Endangered Elephants,Want To Save Elephants?
Ivory Poaching,Fight Poaching For Ivory,Against Ivory Poaching?
Ivory Trade,Fight The Ivory Trade,Against The Ivory Trade?
Jaguar Charity,Support Jaguar Charities,Want To Save Jaguars?
Jaguar Endangered,Save Endangered Jaguars,Want To Save Jaguars?
Jaguar general,Save Endangered Jaguars,Want To Save Jaguars?
Jaguar Save,Save Endangered Jaguars,Want To Save Jaguars?
Leopard Charity,Support Leopard Charities,Want To Save Leopards?
Leopard Conservation,Help Leopard Conservation,Want To Save Leopards?
Leopard Endangered,Save Endangered Leopards,Want To Save Leopards?
Leopard general,Save Endangered Leopards,Want To Save Leopards?
Leopard Protection,Help Protect Leopards,Want To Protect Leopards?
Leopard Save,Save Endangered Leopards,Want To Save Leopards?
Lion Adopt,Save Endangered Lions,Want To Save Lions?
Lion Charity,Support Lion Charities,Want To Save Lions?
Lion Conservation,Help Lion Conservation,Want To Save Lions?
Lion Endangered,Save Endangered Lions,Want To Save Lions?
Lion general,Save Endangered Lions,Want To Save Lions?
Lion Help,Help Endangered Lions,Want To Save Lions?
Lion Protection,Help Protect Lions,Want To Protect Lions?
Lion Rescue,Save Endangered Lions,Want To Save Lions?
Lion Save,Save Endangered Lions,Want To Save Lions?
Panda Adopt,Save Endangered Pandas,Want To Save Pandas?
Panda Charity,Support Panda Charities,Want To Save Pandas?
Panda Conservation,Help Panda Conservation,Want To Save Pandas?
Panda Endangered,Save Endangered Pandas,Want To Save Pandas?
Panda general,Save Endangered Pandas,Want To Save Pandas?
Panda Help,Help Endangered Pandas,Want To Save Pandas?
Panda Preserve,Help Preserve Pandas,Want To Preserve Pandas?
Panda Protection,Help Protect Pandas,Want To Protect Pandas?
Panda Save,Save Endangered Pandas,Want To Save Pandas?
Rhino Charity,Support Rhino Charities,Want To Save Rhinos?
Rhino Conservation,Help Rhino Conservation,Want To Save Rhinos?
Rhino Endangered,Save Endangered Rhinos,Want To Save Rhinos?
Rhino general,Save Endangered Rhinos,Want To Save Rhinos?
Rhino Help,Help Endangered Rhinos,Want To Save Rhinos?
Rhino Poaching,Fight Rhino Poaching,Against Rhino Poaching?
Rhino Protection,Help Protect Rhinos,Want To Protect Rhinos?
Rhino Save,Save Endangered Rhinos,Want To Save Rhinos?
Tiger Adopt,Save Endangered Tigers,Want To Save Tigers?
Tiger Charity,Support Tiger Charities,Want To Save Tigers?
Tiger Conservation,Help Tiger Conservation,Want To Save Tigers?
Tiger Endangered,Save Endangered Tigers,Want To Save Tigers?
Tiger general,Save Endangered Tigers,Want To Save Tigers?
Tiger Help,Help Endangered Tigers,Want To Save Tigers?
Tiger Poaching,Fight Tiger Poaching,Against Tiger Poaching?
Tiger Preserve,Help Preserve Tigers,Want To Preserve Tigers?
Tiger Protection,Help Protect Tigers,Want To Protect Tigers?
Tiger Rescue,Save Endangered Tigers,Want To Save Tigers?
Tiger Sanctuary,Save Endangered Tigers,Want To Save Tigers?
Tiger Save,Save Endangered Tigers,Want To Save Tigers?
Animal Abuse,Fight Animal Abuse,Help Stop Animal Abuse
Animal Abuse Against,Fight Animal Abuse,Against Animal Abuse?
Animal Abuse Charity,Fight Animal Abuse,Support Animal Charities
Animal Abuse Cruelty,Fight Animal Abuse,Help Stop Animal Abuse
Animal Abuse Fight,Fight Animal Abuse,Help Fight Animal Abuse
Animal Abuse Group,Fight Animal Abuse,Support Animal Groups
Animal Abuse Help,Fight Animal Abuse,Help Stop Animal Abuse
Animal Abuse Neglect,Fight Animal Abuse,Help Stop Animal Abuse
Animal Abuse Organization,Fight Animal Abuse,Help Animal Organizations
Animal Abuse Prevent,Prevent Animal Abuse,Help Prevent Animal Abuse
Animal Abuse Research,Fight Animal Abuse,Help Stop Animal Abuse
Animal Abuse Rights,Fight Animal Abuse,Support Animal Rights
Animal Abuse Shelter,Fight Animal Abuse,Help Stop Animal Abuse
Animal Abuse Stop,Let's Stop Animal Abuse,Help Stop Animal Abuse
Animal Abuse Violence,Fight Animal Abuse,Help Stop Animal Abuse
Animal Adoption Agency,Support Animal Adoption,Help Animals Get Adopted
Animal Adoption Foundation,Support Animal Adoption,Help Animals Get Adopted
Animal Adoption League,Support Animal Adoption,Help Animals Get Adopted
Animal Adoption Organization,Support Animal Adoption,Help Animals Get Adopted
Animal Association,Support Animal Charities,Animal Charities Need You
Animal Charity,Support Animal Charities,Animal Charities Need You
Animal Cruelty,Fight Animal Cruelty,Help Stop Animal Cruelty
Animal Cruelty Against,Fight Animal Cruelty,Against Animal Cruelty?
Animal Cruelty Fight,Fight Animal Cruelty,Help Fight Animal Cruelty
Animal Cruelty Group,Fight Animal Cruelty,Support Animal Groups
Animal Cruelty Help,Help Fight Animal Cruelty,Help Stop Animal Cruelty
Animal Cruelty Neglect,Fight Animal Cruelty,Help Stop Animal Cruelty
Animal Cruelty Organization,Fight Animal Cruelty,Help Animal Organizations
Animal Cruelty Prevent,Fight Animal Cruelty,Prevent Animal Cruelty
Animal Cruelty Research,Fight Animal Cruelty,Help Stop Animal Cruelty
Animal Cruelty Rights,Fight Animal Cruelty,Help Stop Animal Cruelty
Animal Cruelty Stop,Let's Stop Animal Cruelty,Help Stop Animal Cruelty
Animal Donation,Support Animal Charities,Help Animal Nonprofits
Animal Experimentation,Animal Experimentation,Against Animal Testing?
Animal Experimentation Against,Animal Experimentation,Against Animal Testing?
Animal Experimentation Research,Animal Experimentation,Against Animal Testing?
Animal Foundation,Support Animal Charities,Help Animal Nonprofits
Animal Fundraising,Support Animal Charities,Help Animal Nonprofits
Animal Group,Support Animal Charities,Support Animal Groups
Animal Help,Help Animal Charities,Help Animal Nonprofits
Animal Help Save,Help Animal Charities,Help Save Animals
Animal Humane Treatment,Humane Animal Treatment,Treat Animals Humanely
Animal League,Support Animal Charities,Help Animal Nonprofits
Animal Neglect,Fight Animal Neglect,Help Stop Animal Neglect
Animal Nonprofit,Support Animal Nonprofits,Help Animal Nonprofits
Animal Nonprofit Organization,Support Animal Nonprofits,Help Animal Nonprofits
Animal Organization,Support Animal Charities,Help Animal Organizations
Animal Organization Help,Help Animal Charities,Help Animal Organizations
Animal Protection,Support Animal Protection,Help To Protect Animals
Animal Protection Agency,Support Animal Protection,Help To Protect Animals
Animal Protection Association,Support Animal Protection,Help To Protect Animals
Animal Protection Foundation,Support Animal Protection,Help To Protect Animals
Animal Protection Group,Support Animal Protection,Support Animal Groups
Animal Protection League,Support Animal Protection,Help To Protect Animals
Animal Protection Organization,Support Animal Protection,Help Animal Organizations
Animal Rescue Agency,Support Animal Rescue,Help Rescue Animals
Animal Rescue Association,Support Animal Rescue,Help Rescue Animals
Animal Rescue Donation,Support Animal Rescue,Help Rescue Animals
Animal Rescue Foundation,Support Animal Rescue,Help Rescue Animals
Animal Rescue Give,Support Animal Rescue,Help Rescue Animals
Animal Rescue Group,Support Animal Rescue,Support Animal Groups
Animal Rescue Help,Support Animal Rescue,Help Rescue Animals
Animal Rescue League,Support Animal Rescue,Help Rescue Animals
Animal Rescue Nonprofit,Support Animal Rescue,Help Animal Nonprofits
Animal Rescue Organization,Support Animal Rescue,Help Animal Organizations
Animal Rescue Sanctuary,Support Animal Rescue,Help Rescue Animals
Animal Rescue Save,Support Animal Rescue,Help Save Animals
Animal Rescue Stray,Support Animal Rescue,Help Rescue Animals
Animal Rescue Volunteer,Support Animal Rescue,Help Rescue Animals
Animal Rights,Support Animal Rights,Fight For Animal Rights
Animal Rights Fight,Support Animal Rights,Fight For Animal Rights
Animal Rights Group,Support Animal Rights,Support Animal Groups
Animal Rights Organization,Support Animal Rights,Help Animal Organizations
Animal Rights Protection,Support Animal Rights,Protect Animal Rights
Animal Rights Research,Support Animal Rights,Fight For Animal Rights
Animal Sanctuary Volunteer,Support Animal Charities,Help Animal Organizations
Animal Save,Help Save The Animals,Want To Save Animals?
Animal Shelter Donation,Support Animal Shelters,Animal Shelters Need You
Animal Shelter Help,Support Animal Shelters,Animal Shelters Need You
Animal Shelter Nonprofit,Support Animal Shelters,Support Animal Nonprofits
Animal Shelter Volunteer,Support Animal Shelters,Animal Shelters Need You
Animal Shelter Welfare,Support Animal Shelters,Support Animal Welfare
Animal Testing,Fight Animal Testing,Help Stop Animal Testing
Animal Testing Abuse,Fight Animal Testing,Help Stop Animal Abuse
Animal Testing Against,Fight Animal Testing,Against Animal Testing?
Animal Testing Cruelty,Fight Animal Testing,Help Stop Animal Cruelty
Animal Testing Experimentation,Fight Animal Testing,Against Animal Testing?
Animal Testing Group,Fight Animal Testing,Support Animal Groups
Animal Testing Organization,Fight Animal Testing,Help Animal Organizations
Animal Testing Research,Fight Animal Testing,Against Animal Testing?
Animal Testing Rights,Fight Animal Testing,Support Animal Rights
Animal Testing Stop,Stop Animal Testing,Help Stop Animal Testing
Animal Violence,Fight Animal Violence,Help Stop Animal Violence
Animal Volunteer,Support Animal Charities,Help Animal Nonprofits
Animal Welfare,Support Animal Welfare,Fight For Animal Welfare
Animal Welfare Agency,Support Animal Welfare,Fight For Animal Welfare
Animal Welfare Association,Support Animal Welfare,Fight For Animal Welfare
Animal Welfare Foundation,Support Animal Welfare,Fight For Animal Welfare
Animal Welfare Group,Support Animal Welfare,Support Animal Groups
Animal Welfare League,Support Animal Welfare,Fight For Animal Welfare
Animal Welfare Organization,Support Animal Welfare,Help Animal Organizations
Animal Welfare Rights,Support Animal Welfare,Fight For Animal Welfare
Save The Animals,Help Save The Animals,Want To Save Animals?
SPCA Charity,Support Animal Charities,Animal Charities Need You
SPCA Donation,Support Animal Charities,Help Animal Nonprofits
SPCA Volunteer,Support Animal Charities,Help Animal Nonprofits
Cat Abuse,Fight Cat Abuse,Want To End Cat Abuse?
Cat Adoption Agency,Support Cat Adoption,Help Cats Get Adopted
Cat Adoption Feral Stray,Support Cat Adoption,Help Cats Get Adopted
Cat Adoption League,Support Cat Adoption,Help Cats Get Adopted
Cat Adoption Organization,Support Cat Adoption,Help Cats Get Adopted
Cat Charity,Support Cat Charities,Cat Charities Need You
Cat Cruelty,Fight Cat Cruelty,Want To End Cat Cruelty?
Cat Help,Help Cat Charities,Help Cat Nonprofits
Cat Help Feral Stray,Help Cat Charities,Help Cat Nonprofits
Cat Nonprofit,Support Cat Nonprofits,Help Cat Nonprofits
Cat Organization,Support Cat Charities,Help Cat Organizations
Cat Protection,Help To Protect Cats,Want To Protect Cats?
Cat Rehoming,Support Cat Rehoming,Help To Rehome Cats
Cat Rescue Feral,Support Feral Cat Rescue,Help Rescue Feral Cats
Cat Rescue Group,Support Cat Rescue,Help Cat Rescue Groups
Cat Rescue Organization,Support Cat Rescue,Help Cat Organizations
Cat Rescue Save,Support Cat Rescue,Want To Save Cats?
Cat Rescue Stray,Support Stray Cat Rescue,Help Rescue Stray Cats
Cat Rescue Volunteer,Support Cat Rescue,Help Rescue Cats
Cat Rights,Support Cats' Rights,Fight For Cats' Rights
Cat Sanctuary,Support Cat Rescue,Help Cat Charities
Cat Save,Help Save Cats,Want To Save Cats?
Cat Shelter Feral,Support Cat Shelters,Cat Shelters Need You
Cat Shelter Stray,Support Cat Shelters,Cat Shelters Need You
Cat Shelter Volunteer,Support Cat Shelters,Cat Shelters Need You
Cat Volunteer,Support Cat Charities,Help Cat Nonprofits
Cat Welfare,Support Cat Welfare,Fight For Cat Welfare
Dog Abuse,Fight Dog Abuse,Want To End Dog Abuse?
Dog Adoption Agency,Support Dog Adoption,Help Dogs Get Adopted
Dog Adoption Feral Stray,Support Dog Adoption,Help Dogs Get Adopted
Dog Adoption League,Support Dog Adoption,Help Dogs Get Adopted
Dog Adoption Organization,Support Dog Adoption,Help Dogs Get Adopted
Dog Charity,Support Dog Charities,Dog Charities Need You
Dog Cruelty,Fight Dog Cruelty,Want To End Dog Cruelty?
Dog Help,Help Dog Charities,Help Dog Nonprofits
Dog Help Feral Stray,Help Dog Charities,Help Dog Nonprofits
Dog Nonprofit,Support Dog Nonprofits,Help Dog Nonprofits
Dog Organization,Support Dog Charities,Help Dog Organizations
Dog Protection,Help To Protect Dogs,Want To Protect Dogs?
Dog Rehoming,Support Dog Rehoming,Help To Rehome Dogs
Dog Rescue Feral,Support Feral Dog Rescue,Help Rescue Feral Dogs
Dog Rescue Group,Support Dog Rescue,Help Dog Rescue Groups
Dog Rescue Mills,Support Dog Rescue,Help Rescue Dogs
Dog Rescue Organization,Support Dog Rescue,Help Dog Organizations
Dog Rescue Save,Support Dog Rescue,Want To Save Dogs?
Dog Rescue Stray,Support Stray Dog Rescue,Help Rescue Stray Dogs
Dog Rescue Volunteer,Support Dog Rescue,Help Rescue Dogs
Dog Rights,Support Dogs' Rights,Fight For Dogs' Rights
Dog Sanctuary,Support Dog Rescue,Help Dog Charities
Dog Save,Help Save Dogs,Want To Save Dogs?
Dog Shelter Feral,Support Dog Shelters,Dog Shelters Need You
Dog Shelter Stray,Support Dog Shelters,Dog Shelters Need You
Dog Shelter Volunteer,Support Dog Shelters,Dog Shelters Need You
Dog Volunteer,Support Dog Charities,Help Dog Nonprofits
Dog Welfare,Support Dog Welfare,Fight For Dog Welfare
Kitten Abuse,Fight Cat Abuse,Want To End Cat Abuse?
Kitten Adoption Agency,Support Cat Adoption,Help Cats Get Adopted
Kitten Adoption Feral Stray,Support Cat Adoption,Help Cats Get Adopted
Kitten Adoption League,Support Cat Adoption,Help Cats Get Adopted
Kitten Adoption Organization,Support Cat Adoption,Help Cats Get Adopted
Kitten Charity,Support Cat Charities,Cat Charities Need You
Kitten Cruelty,Fight Cat Cruelty,Want To End Cat Cruelty?
Kitten Help,Help Cat Charities,Help Cat Nonprofits
Kitten Help Feral Stray,Help Cat Charities,Help Cat Nonprofits
Kitten Nonprofit,Support Cat Nonprofits,Help Cat Nonprofits
Kitten Organization,Support Cat Charities,Help Cat Organizations
Kitten Protection,Help To Protect Kittens,Want To Protect Kittens?
Kitten Rehoming,Support Cat Rehoming,Help To Rehome Cats
Kitten Rescue Feral,Support Feral Cat Rescue,Help Rescue Feral Kittens
Kitten Rescue Group,Support Kitten Rescue,Help Cat Rescue Groups
Kitten Rescue Organization,Support Kitten Rescue,Help Cat Organizations
Kitten Rescue Save,Support Kitten Rescue,Want To Save Kittens?
Kitten Rescue Stray,Support Stray Cat Rescue,Help Rescue Stray Kittens
Kitten Rescue Volunteer,Support Kitten Rescue,Help Rescue Kittens
Kitten Rights,Support Cats' Rights,Fight For Cats' Rights
Kitten Sanctuary,Support Kitten Rescue,Help Cat Charities
Kitten Save,Help Save Kittens,Want To Save Kittens?
Kitten Shelter Feral,Support Cat Shelters,Cat Shelters Need You
Kitten Shelter Stray,Support Cat Shelters,Cat Shelters Need You
Kitten Shelter Volunteer,Support Cat Shelters,Cat Shelters Need You
Kitten Volunteer,Support Cat Charities,Help Cat Nonprofits
Kitten Welfare,Support Cat Welfare,Fight For Cat Welfare
Pet Abuse,Fight Pet Abuse,Want To End Pet Abuse?
Pet Adoption Agency,Support Pet Adoption,Help Pets Get Adopted
Pet Adoption Feral Stray,Support Pet Adoption,Help Pets Get Adopted
Pet Adoption League,Support Pet Adoption,Help Pets Get Adopted
Pet Adoption Organization,Support Pet Adoption,Help Pets Get Adopted
Pet Charity,Support Pet Charities,Pet Charities Need You
Pet Cruelty,Fight Pet Cruelty,Want To End Pet Cruelty?
Pet Help,Help Pet Charities,Help Pet Nonprofits
Pet Help Feral Stray,Help Pet Charities,Help Pet Nonprofits
Pet Nonprofit,Support Pet Nonprofits,Help Pet Nonprofits
Pet Organization,Support Pet Charities,Help Pet Organizations
Pet Protection,Help To Protect Pets,Want To Protect Pets?
Pet Rehoming,Support Pet Rehoming,Help To Rehome Pets
Pet Rescue Feral,Support Feral Pet Rescue,Help Rescue Feral Pets
Pet Rescue Group,Support Pet Rescue,Help Pet Rescue Groups
Pet Rescue Organization,Support Pet Rescue,Help Pet Organizations
Pet Rescue Save,Support Pet Rescue,Want To Save Pets?
Pet Rescue Stray,Support Stray Pet Rescue,Help Rescue Stray Pets
Pet Rescue Volunteer,Support Pet Rescue,Help Rescue Pets
Pet Rights,Support Pets' Rights,Fight For Pets' Rights
Pet Sanctuary,Support Pet Rescue,Help Pet Charities
Pet Save,Help Save Pets,Want To Save Pets?
Pet Shelter Feral,Support Pet Shelters,Pet Shelters Need You
Pet Shelter Stray,Support Pet Shelters,Pet Shelters Need You
Pet Shelter Volunteer,Support Pet Shelters,Pet Shelters Need You
Pet Volunteer,Support Pet Charities,Help Pet Nonprofits
Pet Welfare,Support Pet Welfare,Fight For Pet Welfare
Puppy Abuse,Fight Dog Abuse,Want To End Dog Abuse?
Puppy Adoption Agency,Support Dog Adoption,Help Dogs Get Adopted
Puppy Adoption Feral Stray,Support Dog Adoption,Help Dogs Get Adopted
Puppy Adoption League,Support Dog Adoption,Help Dogs Get Adopted
Puppy Adoption Organization,Support Dog Adoption,Help Dogs Get Adopted
Puppy Charity,Support Dog Charities,Dog Charities Need You
Puppy Cruelty,Fight Dog Cruelty,Want To End Dog Cruelty?
Puppy Help,Help Dog Charities,Help Dog Nonprofits
Puppy Help Feral Stray,Help Dog Charities,Help Dog Nonprofits
Puppy Mills,Support Puppy Rescue,Help Rescue Puppies
Puppy Nonprofit,Support Dog Nonprofits,Help Dog Nonprofits
Puppy Organization,Support Dog Charities,Help Dog Organizations
Puppy Protection,Help To Protect Puppies,Want To Protect Puppies?
Puppy Rehoming,Support Dog Rehoming,Help To Rehome Dogs
Puppy Rescue Feral,Support Feral Dog Rescue,Help Rescue Feral Puppies
Puppy Rescue Group,Support Puppy Rescue,Help Dog Rescue Groups
Puppy Rescue Mills,Support Puppy Rescue,Help Rescue Puppies
Puppy Rescue Organization,Support Puppy Rescue,Help Dog Organizations
Puppy Rescue Save,Support Puppy Rescue,Want To Save Puppies?
Puppy Rescue Stray,Support Stray Dog Rescue,Help Rescue Stray Puppies
Puppy Rescue Volunteer,Support Puppy Rescue,Help Rescue Puppies
Puppy Rights,Support Dogs' Rights,Fight For Dogs' Rights
Puppy Sanctuary,Support Puppy Rescue,Help Dog Charities
Puppy Save,Help Save Puppies,Want To Save Puppies?
Puppy Shelter Feral,Support Dog Shelters,Dog Shelters Need You
Puppy Shelter Stray,Support Dog Shelters,Dog Shelters Need You
Puppy Shelter Volunteer,Support Dog Shelters,Dog Shelters Need You
Puppy Volunteer,Support Dog Charities,Help Dog Nonprofits
Puppy Welfare,Support Dog Welfare,Fight For Dog Welfare
