Ad Group,Keyword
Gift Animal,gift animal
Gift Animal,animal gift
Gift Animal,animal gifts
Gift Animal,gift animals
Gift Animal,animals gift
Gift Animal,gifts animals
Gift Animal,animals gifts
Gift Animal,animal gift ideas
Gift Animal,animal donation gifts
Gift Animal,animal gift shop
Gift Animal,animal gifts for kids
Gift Animal,animal rescue gifts
Gift Animal,animal themed gifts
Gift Animal Lover,gift for animal lover
Gift Animal Lover,animal lover gift
Gift Animal Lover,gifts for animal lovers
Gift Animal Lover,animal lovers gifts
Gift Animal Lover,gift for animal lovers
Gift Animal Lover,animal lover gifts
Gift Animal Lover,gifts for the animal lover
Gift Animal Lover,gifts for animal lover
Gift Animal Lover,gifts for an animal lover
Gift Animal Lover,gift ideas for animal lovers
Gift Animal Lover,animal lovers gift ideas
Gift Animal Lover,animal lover gift ideas
Gift Cat,cat gift
Gift Cat,cat gifts
Gift Cat,cat themed gifts
Gift Cat,cat gifts for people
Gift Cat Lover,gift for cat lovers
Gift Cat Lover,cat lovers gifts
Gift Cat Lover,gifts for cat lovers
Gift Cat Lover,cat lover gift
Gift Cat Lover,gift for cat lover
Gift Cat Lover,gifts for the cat lover
Gift Cat Lover,cat lover gifts
Gift Cat Lover,gift ideas for cat lovers
Gift Cat Lover,cat lover gift ideas
Gift Cat Lover,presents for cat lovers
Gift Dog,dog gift
Gift Dog,gift dog
Gift Dog,gifts dog
Gift Dog,dog gifts
Gift Dog,dogs gift
Gift Dog,dogs gifts
Gift Dog,gifts dogs
Gift Dog,dog gift ideas
Gift Dog,christmas dog gifts
Gift Dog,dog gifts christmas
Gift Dog,dog christmas gifts
Gift Dog,bulldog gifts
Gift Dog,dog christmas gift
Gift Dog,best dog gifts
Gift Dog,dog birthday gifts
Gift Dog,personalized dog gifts
Gift Dog,dog gifts personalized
Gift Dog,unique dog gifts
Gift Dog,personalized dog gift
Gift Dog,custom dog gifts
Gift Dog,dog people gifts
Gift Dog,unique dog gift
Gift Dog,poodle gifts
Gift Dog,french bulldog gifts
Gift Dog,doggy gifts
Gift Dog,dog gift shop
Gift Dog,doggie gifts
Gift Dog,dog themed gifts
Gift Dog,dog and cat gifts
Gift Dog,boxer dog gifts
Gift Dog,dog xmas gifts
Gift Dog,english bulldog gifts
Gift Dog,weiner dog gifts
Gift Dog,dog gift items
Gift Dog,scottie dog gifts
Gift Dog,bernese mountain dog gifts
Gift Dog,funny dog gifts
Gift Dog Lover,dog lover gift
Gift Dog Lover,gift for dog lover
Gift Dog Lover,gifts for dog lover
Gift Dog Lover,gifts for the dog lover
Gift Dog Lover,dog lover gifts
Gift Dog Lover,gift for dog lovers
Gift Dog Lover,dog lovers gift
Gift Dog Lover,gifts for dog lovers
Gift Dog Lover,gifts dog lovers
Gift Dog Lover,dog lovers gifts
Gift Dog Lover,gift ideas for dog lovers
Gift Dog Lover,dog lover gift ideas
Gift Dog Lover,gift for dog owner
Gift Dog Lover,dog owner gift
Gift Dog Lover,gifts for dog owners
Gift Dog Lover,dog owners gifts
Gift Dog Lover,dog owner gifts
Gift Dog Lover,presents for dog lovers
Gift Dog Lover,gifts for dog people
Gift Dog Lover,dog gifts for people
Gift Dog Pet,dog gift pet
Gift Dog Pet,dog pet gifts
Gift Pet,pet gift
Gift Pet,gift pet
Gift Pet,pet gifts
Gift Pet,pets gifts
Gift Pet,pet gift ideas
Gift Pet,pet presents
Gift Pet,personalized pet gifts
Gift Pet,personalized pet gift
Gift Pet,presents for pets
Gift Pet,pet christmas gifts
Gift Pet,christmas pet gifts
Gift Pet,unique pet gift
Gift Pet,christmas pet gift
Gift Pet,pet gift shop
Gift Pet,pets christmas gifts
Gift Pet,unique pet gifts
Gift Pet,unusual pet gifts
Gift Pet Lover,gift for pet lovers
Gift Pet Lover,pet lover gift
Gift Pet Lover,gift for pet lover
Gift Pet Lover,gifts for pet lovers
Gift Pet Lover,pet lovers gifts
Gift Pet Lover,gifts for the pet lover
Gift Pet Lover,pet lover gifts
Gift Pet Lover,gift ideas for pet lovers
Gift Pet Lover,pet lover gift ideas
Gift Pet Lover,gifts for pet owners
Gift Pet Lover,pet owner gifts
Gift Puppy,puppy gift
Gift Puppy,puppy gifts
Gift Puppy,puppy presents
Gift Wildlife,wildlife gift
Gift Wildlife,wildlife gifts
